"resp_id","rating","operating_system","RAM","storage","screen_size","battery","price"
1,8,"Linux",8,1000,15.6,4,500
2,7,"Linux",8,1000,15.6,4,500
3,4,"Linux",8,1000,15.6,4,500
4,6,"Linux",8,1000,15.6,4,500
5,7,"Linux",8,1000,15.6,4,500
6,6,"Linux",8,1000,15.6,4,500
7,7,"Linux",8,1000,15.6,4,500
8,5,"Linux",8,1000,15.6,4,500
9,7,"Linux",8,1000,15.6,4,500
10,7,"Linux",8,1000,15.6,4,500
11,7,"Linux",8,1000,15.6,4,500
12,8,"Linux",8,1000,15.6,4,500
13,7,"Linux",8,1000,15.6,4,500
14,7,"Linux",8,1000,15.6,4,500
15,6,"Linux",8,1000,15.6,4,500
16,7,"Linux",8,1000,15.6,4,500
17,6,"Linux",8,1000,15.6,4,500
18,7,"Linux",8,1000,15.6,4,500
19,6,"Linux",8,1000,15.6,4,500
20,6,"Linux",8,1000,15.6,4,500
21,5,"Linux",8,1000,15.6,4,500
22,8,"Linux",8,1000,15.6,4,500
23,5,"Linux",8,1000,15.6,4,500
24,6,"Linux",8,1000,15.6,4,500
25,7,"Linux",8,1000,15.6,4,500
26,5,"Linux",8,1000,15.6,4,500
27,6,"Linux",8,1000,15.6,4,500
28,6,"Linux",8,1000,15.6,4,500
29,6,"Linux",8,1000,15.6,4,500
30,5,"Linux",8,1000,15.6,4,500
31,7,"Linux",8,1000,15.6,4,500
32,5,"Linux",8,1000,15.6,4,500
33,7,"Linux",8,1000,15.6,4,500
34,7,"Linux",8,1000,15.6,4,500
1,3,"Linux",16,526,13.3,4,1500
2,4,"Linux",16,526,13.3,4,1500
3,3,"Linux",16,526,13.3,4,1500
4,3,"Linux",16,526,13.3,4,1500
5,4,"Linux",16,526,13.3,4,1500
6,5,"Linux",16,526,13.3,4,1500
7,4,"Linux",16,526,13.3,4,1500
8,4,"Linux",16,526,13.3,4,1500
9,4,"Linux",16,526,13.3,4,1500
10,7,"Linux",16,526,13.3,4,1500
11,5,"Linux",16,526,13.3,4,1500
12,7,"Linux",16,526,13.3,4,1500
13,5,"Linux",16,526,13.3,4,1500
14,5,"Linux",16,526,13.3,4,1500
15,5,"Linux",16,526,13.3,4,1500
16,6,"Linux",16,526,13.3,4,1500
17,6,"Linux",16,526,13.3,4,1500
18,6,"Linux",16,526,13.3,4,1500
19,5,"Linux",16,526,13.3,4,1500
20,5,"Linux",16,526,13.3,4,1500
21,4,"Linux",16,526,13.3,4,1500
22,5,"Linux",16,526,13.3,4,1500
23,5,"Linux",16,526,13.3,4,1500
24,5,"Linux",16,526,13.3,4,1500
25,4,"Linux",16,526,13.3,4,1500
26,4,"Linux",16,526,13.3,4,1500
27,4,"Linux",16,526,13.3,4,1500
28,5,"Linux",16,526,13.3,4,1500
29,4,"Linux",16,526,13.3,4,1500
30,4,"Linux",16,526,13.3,4,1500
31,5,"Linux",16,526,13.3,4,1500
32,4,"Linux",16,526,13.3,4,1500
33,6,"Linux",16,526,13.3,4,1500
34,5,"Linux",16,526,13.3,4,1500
1,8,"MacOS",16,1000,15.6,12,1500
2,5,"MacOS",16,1000,15.6,12,1500
3,8,"MacOS",16,1000,15.6,12,1500
4,8,"MacOS",16,1000,15.6,12,1500
5,8,"MacOS",16,1000,15.6,12,1500
6,7,"MacOS",16,1000,15.6,12,1500
7,7,"MacOS",16,1000,15.6,12,1500
8,7,"MacOS",16,1000,15.6,12,1500
9,6,"MacOS",16,1000,15.6,12,1500
10,7,"MacOS",16,1000,15.6,12,1500
11,8,"MacOS",16,1000,15.6,12,1500
12,8,"MacOS",16,1000,15.6,12,1500
13,7,"MacOS",16,1000,15.6,12,1500
14,7,"MacOS",16,1000,15.6,12,1500
15,8,"MacOS",16,1000,15.6,12,1500
16,8,"MacOS",16,1000,15.6,12,1500
17,7,"MacOS",16,1000,15.6,12,1500
18,8,"MacOS",16,1000,15.6,12,1500
19,8,"MacOS",16,1000,15.6,12,1500
20,7,"MacOS",16,1000,15.6,12,1500
21,6,"MacOS",16,1000,15.6,12,1500
22,6,"MacOS",16,1000,15.6,12,1500
23,8,"MacOS",16,1000,15.6,12,1500
24,7,"MacOS",16,1000,15.6,12,1500
25,7,"MacOS",16,1000,15.6,12,1500
26,7,"MacOS",16,1000,15.6,12,1500
27,6,"MacOS",16,1000,15.6,12,1500
28,6,"MacOS",16,1000,15.6,12,1500
29,7,"MacOS",16,1000,15.6,12,1500
30,7,"MacOS",16,1000,15.6,12,1500
31,8,"MacOS",16,1000,15.6,12,1500
32,8,"MacOS",16,1000,15.6,12,1500
33,7,"MacOS",16,1000,15.6,12,1500
34,7,"MacOS",16,1000,15.6,12,1500
1,8,"MacOS",16,256,13.3,8,1000
2,5,"MacOS",16,256,13.3,8,1000
3,7,"MacOS",16,256,13.3,8,1000
4,9,"MacOS",16,256,13.3,8,1000
5,7,"MacOS",16,256,13.3,8,1000
6,7,"MacOS",16,256,13.3,8,1000
7,6,"MacOS",16,256,13.3,8,1000
8,7,"MacOS",16,256,13.3,8,1000
9,7,"MacOS",16,256,13.3,8,1000
10,8,"MacOS",16,256,13.3,8,1000
11,6,"MacOS",16,256,13.3,8,1000
12,7,"MacOS",16,256,13.3,8,1000
13,8,"MacOS",16,256,13.3,8,1000
14,7,"MacOS",16,256,13.3,8,1000
15,7,"MacOS",16,256,13.3,8,1000
16,8,"MacOS",16,256,13.3,8,1000
17,7,"MacOS",16,256,13.3,8,1000
18,7,"MacOS",16,256,13.3,8,1000
19,8,"MacOS",16,256,13.3,8,1000
20,7,"MacOS",16,256,13.3,8,1000
21,7,"MacOS",16,256,13.3,8,1000
22,6,"MacOS",16,256,13.3,8,1000
23,8,"MacOS",16,256,13.3,8,1000
24,7,"MacOS",16,256,13.3,8,1000
25,7,"MacOS",16,256,13.3,8,1000
26,8,"MacOS",16,256,13.3,8,1000
27,7,"MacOS",16,256,13.3,8,1000
28,6,"MacOS",16,256,13.3,8,1000
29,8,"MacOS",16,256,13.3,8,1000
30,7,"MacOS",16,256,13.3,8,1000
31,7,"MacOS",16,256,13.3,8,1000
32,8,"MacOS",16,256,13.3,8,1000
33,7,"MacOS",16,256,13.3,8,1000
34,8,"MacOS",16,256,13.3,8,1000
1,8,"Linux",8,526,14,8,1000
2,6,"Linux",8,526,14,8,1000
3,5,"Linux",8,526,14,8,1000
4,7,"Linux",8,526,14,8,1000
5,8,"Linux",8,526,14,8,1000
6,6,"Linux",8,526,14,8,1000
7,7,"Linux",8,526,14,8,1000
8,6,"Linux",8,526,14,8,1000
9,8,"Linux",8,526,14,8,1000
10,8,"Linux",8,526,14,8,1000
11,7,"Linux",8,526,14,8,1000
12,7,"Linux",8,526,14,8,1000
13,7,"Linux",8,526,14,8,1000
14,7,"Linux",8,526,14,8,1000
15,6,"Linux",8,526,14,8,1000
16,8,"Linux",8,526,14,8,1000
17,7,"Linux",8,526,14,8,1000
18,8,"Linux",8,526,14,8,1000
19,5,"Linux",8,526,14,8,1000
20,7,"Linux",8,526,14,8,1000
21,6,"Linux",8,526,14,8,1000
22,7,"Linux",8,526,14,8,1000
23,5,"Linux",8,526,14,8,1000
24,7,"Linux",8,526,14,8,1000
25,8,"Linux",8,526,14,8,1000
26,7,"Linux",8,526,14,8,1000
27,7,"Linux",8,526,14,8,1000
28,7,"Linux",8,526,14,8,1000
29,8,"Linux",8,526,14,8,1000
30,5,"Linux",8,526,14,8,1000
31,8,"Linux",8,526,14,8,1000
32,6,"Linux",8,526,14,8,1000
33,8,"Linux",8,526,14,8,1000
34,6,"Linux",8,526,14,8,1000
1,8,"Windows",8,256,15.6,12,1000
2,8,"Windows",8,256,15.6,12,1000
3,7,"Windows",8,256,15.6,12,1000
4,7,"Windows",8,256,15.6,12,1000
5,7,"Windows",8,256,15.6,12,1000
6,7,"Windows",8,256,15.6,12,1000
7,8,"Windows",8,256,15.6,12,1000
8,7,"Windows",8,256,15.6,12,1000
9,8,"Windows",8,256,15.6,12,1000
10,8,"Windows",8,256,15.6,12,1000
11,8,"Windows",8,256,15.6,12,1000
12,9,"Windows",8,256,15.6,12,1000
13,9,"Windows",8,256,15.6,12,1000
14,7,"Windows",8,256,15.6,12,1000
15,7,"Windows",8,256,15.6,12,1000
16,8,"Windows",8,256,15.6,12,1000
17,8,"Windows",8,256,15.6,12,1000
18,8,"Windows",8,256,15.6,12,1000
19,8,"Windows",8,256,15.6,12,1000
20,8,"Windows",8,256,15.6,12,1000
21,9,"Windows",8,256,15.6,12,1000
22,8,"Windows",8,256,15.6,12,1000
23,7,"Windows",8,256,15.6,12,1000
24,8,"Windows",8,256,15.6,12,1000
25,8,"Windows",8,256,15.6,12,1000
26,7,"Windows",8,256,15.6,12,1000
27,8,"Windows",8,256,15.6,12,1000
28,7,"Windows",8,256,15.6,12,1000
29,8,"Windows",8,256,15.6,12,1000
30,7,"Windows",8,256,15.6,12,1000
31,8,"Windows",8,256,15.6,12,1000
32,8,"Windows",8,256,15.6,12,1000
33,8,"Windows",8,256,15.6,12,1000
34,8,"Windows",8,256,15.6,12,1000
1,6,"MacOS",4,1000,14,8,500
2,6,"MacOS",4,1000,14,8,500
3,8,"MacOS",4,1000,14,8,500
4,8,"MacOS",4,1000,14,8,500
5,8,"MacOS",4,1000,14,8,500
6,7,"MacOS",4,1000,14,8,500
7,7,"MacOS",4,1000,14,8,500
8,7,"MacOS",4,1000,14,8,500
9,8,"MacOS",4,1000,14,8,500
10,6,"MacOS",4,1000,14,8,500
11,8,"MacOS",4,1000,14,8,500
12,8,"MacOS",4,1000,14,8,500
13,7,"MacOS",4,1000,14,8,500
14,6,"MacOS",4,1000,14,8,500
15,8,"MacOS",4,1000,14,8,500
16,8,"MacOS",4,1000,14,8,500
17,8,"MacOS",4,1000,14,8,500
18,7,"MacOS",4,1000,14,8,500
19,7,"MacOS",4,1000,14,8,500
20,6,"MacOS",4,1000,14,8,500
21,8,"MacOS",4,1000,14,8,500
22,7,"MacOS",4,1000,14,8,500
23,7,"MacOS",4,1000,14,8,500
24,9,"MacOS",4,1000,14,8,500
25,6,"MacOS",4,1000,14,8,500
26,8,"MacOS",4,1000,14,8,500
27,5,"MacOS",4,1000,14,8,500
28,6,"MacOS",4,1000,14,8,500
29,8,"MacOS",4,1000,14,8,500
30,7,"MacOS",4,1000,14,8,500
31,8,"MacOS",4,1000,14,8,500
32,8,"MacOS",4,1000,14,8,500
33,7,"MacOS",4,1000,14,8,500
34,8,"MacOS",4,1000,14,8,500
1,5,"Windows",4,256,13.3,4,500
2,6,"Windows",4,256,13.3,4,500
3,7,"Windows",4,256,13.3,4,500
4,5,"Windows",4,256,13.3,4,500
5,6,"Windows",4,256,13.3,4,500
6,6,"Windows",4,256,13.3,4,500
7,7,"Windows",4,256,13.3,4,500
8,6,"Windows",4,256,13.3,4,500
9,7,"Windows",4,256,13.3,4,500
10,5,"Windows",4,256,13.3,4,500
11,6,"Windows",4,256,13.3,4,500
12,6,"Windows",4,256,13.3,4,500
13,5,"Windows",4,256,13.3,4,500
14,5,"Windows",4,256,13.3,4,500
15,5,"Windows",4,256,13.3,4,500
16,6,"Windows",4,256,13.3,4,500
17,7,"Windows",4,256,13.3,4,500
18,4,"Windows",4,256,13.3,4,500
19,7,"Windows",4,256,13.3,4,500
20,5,"Windows",4,256,13.3,4,500
21,7,"Windows",4,256,13.3,4,500
22,5,"Windows",4,256,13.3,4,500
23,6,"Windows",4,256,13.3,4,500
24,5,"Windows",4,256,13.3,4,500
25,5,"Windows",4,256,13.3,4,500
26,6,"Windows",4,256,13.3,4,500
27,4,"Windows",4,256,13.3,4,500
28,5,"Windows",4,256,13.3,4,500
29,4,"Windows",4,256,13.3,4,500
30,5,"Windows",4,256,13.3,4,500
31,6,"Windows",4,256,13.3,4,500
32,6,"Windows",4,256,13.3,4,500
33,6,"Windows",4,256,13.3,4,500
34,7,"Windows",4,256,13.3,4,500
1,4,"Windows",4,526,14,12,1500
2,5,"Windows",4,526,14,12,1500
3,6,"Windows",4,526,14,12,1500
4,4,"Windows",4,526,14,12,1500
5,5,"Windows",4,526,14,12,1500
6,6,"Windows",4,526,14,12,1500
7,6,"Windows",4,526,14,12,1500
8,4,"Windows",4,526,14,12,1500
9,5,"Windows",4,526,14,12,1500
10,5,"Windows",4,526,14,12,1500
11,7,"Windows",4,526,14,12,1500
12,6,"Windows",4,526,14,12,1500
13,6,"Windows",4,526,14,12,1500
14,6,"Windows",4,526,14,12,1500
15,6,"Windows",4,526,14,12,1500
16,5,"Windows",4,526,14,12,1500
17,6,"Windows",4,526,14,12,1500
18,4,"Windows",4,526,14,12,1500
19,6,"Windows",4,526,14,12,1500
20,6,"Windows",4,526,14,12,1500
21,5,"Windows",4,526,14,12,1500
22,5,"Windows",4,526,14,12,1500
23,7,"Windows",4,526,14,12,1500
24,4,"Windows",4,526,14,12,1500
25,4,"Windows",4,526,14,12,1500
26,6,"Windows",4,526,14,12,1500
27,5,"Windows",4,526,14,12,1500
28,5,"Windows",4,526,14,12,1500
29,4,"Windows",4,526,14,12,1500
30,4,"Windows",4,526,14,12,1500
31,6,"Windows",4,526,14,12,1500
32,6,"Windows",4,526,14,12,1500
33,5,"Windows",4,526,14,12,1500
34,6,"Windows",4,526,14,12,1500
35,1,"Windows",16,526,15.6,8,500
36,1,"Windows",16,526,15.6,8,500
37,7,"Windows",16,526,15.6,8,500
38,4,"Windows",16,526,15.6,8,500
39,6,"Windows",16,526,15.6,8,500
40,5,"Windows",16,526,15.6,8,500
41,7,"Windows",16,526,15.6,8,500
42,8,"Windows",16,526,15.6,8,500
43,4,"Windows",16,526,15.6,8,500
44,7,"Windows",16,526,15.6,8,500
45,1,"Windows",16,526,15.6,8,500
46,7,"Windows",16,526,15.6,8,500
47,6,"Windows",16,526,15.6,8,500
48,7,"Windows",16,526,15.6,8,500
49,3,"Windows",16,526,15.6,8,500
50,7,"Windows",16,526,15.6,8,500
51,4,"Windows",16,526,15.6,8,500
52,4,"Windows",16,526,15.6,8,500
53,8,"Windows",16,526,15.6,8,500
54,4,"Windows",16,526,15.6,8,500
55,1,"Windows",16,526,15.6,8,500
56,9,"Windows",16,526,15.6,8,500
57,1,"Windows",16,526,15.6,8,500
58,8,"Windows",16,526,15.6,8,500
59,5,"Windows",16,526,15.6,8,500
60,5,"Windows",16,526,15.6,8,500
61,5,"Windows",16,526,15.6,8,500
62,4,"Windows",16,526,15.6,8,500
63,7,"Windows",16,526,15.6,8,500
64,8,"Windows",16,526,15.6,8,500
65,5,"Windows",16,526,15.6,8,500
66,7,"Windows",16,526,15.6,8,500
67,5,"Windows",16,526,15.6,8,500
68,8,"Windows",16,526,15.6,8,500
69,10,"Windows",16,526,15.6,8,500
70,5,"Windows",16,526,15.6,8,500
71,5,"Windows",16,526,15.6,8,500
72,8,"Windows",16,526,15.6,8,500
73,6,"Windows",16,526,15.6,8,500
74,5,"Windows",16,526,15.6,8,500
75,7,"Windows",16,526,15.6,8,500
76,6,"Windows",16,526,15.6,8,500
77,10,"Windows",16,526,15.6,8,500
78,4,"Windows",16,526,15.6,8,500
79,5,"Windows",16,526,15.6,8,500
80,10,"Windows",16,526,15.6,8,500
81,10,"Windows",16,526,15.6,8,500
82,2,"Windows",16,526,15.6,8,500
83,3,"Windows",16,526,15.6,8,500
84,3,"Windows",16,526,15.6,8,500
85,6,"Windows",16,526,15.6,8,500
86,4,"Windows",16,526,15.6,8,500
87,7,"Windows",16,526,15.6,8,500
88,7,"Windows",16,526,15.6,8,500
89,6,"Windows",16,526,15.6,8,500
90,8,"Windows",16,526,15.6,8,500
91,1,"Windows",16,526,15.6,8,500
92,10,"Windows",16,526,15.6,8,500
93,8,"Windows",16,526,15.6,8,500
94,7,"Windows",16,526,15.6,8,500
95,3,"Windows",16,526,15.6,8,500
96,6,"Windows",16,526,15.6,8,500
97,6,"Windows",16,526,15.6,8,500
98,10,"Windows",16,526,15.6,8,500
99,5,"Windows",16,526,15.6,8,500
100,4,"Windows",16,526,15.6,8,500
101,2,"Windows",16,526,15.6,8,500
102,8,"Windows",16,526,15.6,8,500
103,4,"Windows",16,526,15.6,8,500
104,8,"Windows",16,526,15.6,8,500
105,8,"Windows",16,526,15.6,8,500
106,3,"Windows",16,526,15.6,8,500
107,7,"Windows",16,526,15.6,8,500
108,10,"Windows",16,526,15.6,8,500
109,5,"Windows",16,526,15.6,8,500
110,3,"Windows",16,526,15.6,8,500
111,8,"Windows",16,526,15.6,8,500
112,4,"Windows",16,526,15.6,8,500
113,2,"Windows",16,526,15.6,8,500
114,5,"Windows",16,526,15.6,8,500
115,4,"Windows",16,526,15.6,8,500
116,6,"Windows",16,526,15.6,8,500
117,6,"Windows",16,526,15.6,8,500
118,7,"Windows",16,526,15.6,8,500
119,7,"Windows",16,526,15.6,8,500
120,5,"Windows",16,526,15.6,8,500
121,7,"Windows",16,526,15.6,8,500
122,8,"Windows",16,526,15.6,8,500
123,1,"Windows",16,526,15.6,8,500
124,10,"Windows",16,526,15.6,8,500
125,7,"Windows",16,526,15.6,8,500
126,6,"Windows",16,526,15.6,8,500
127,8,"Windows",16,526,15.6,8,500
128,8,"Windows",16,526,15.6,8,500
129,6,"Windows",16,526,15.6,8,500
130,2,"Windows",16,526,15.6,8,500
131,4,"Windows",16,526,15.6,8,500
132,9,"Windows",16,526,15.6,8,500
133,10,"Windows",16,526,15.6,8,500
134,2,"Windows",16,526,15.6,8,500
135,10,"Windows",16,526,15.6,8,500
136,4,"Windows",16,526,15.6,8,500
137,8,"Windows",16,526,15.6,8,500
138,5,"Windows",16,526,15.6,8,500
139,5,"Windows",16,526,15.6,8,500
140,3,"Windows",16,526,15.6,8,500
141,6,"Windows",16,526,15.6,8,500
142,6,"Windows",16,526,15.6,8,500
143,3,"Windows",16,526,15.6,8,500
144,10,"Windows",16,526,15.6,8,500
145,8,"Windows",16,526,15.6,8,500
146,5,"Windows",16,526,15.6,8,500
147,8,"Windows",16,526,15.6,8,500
148,5,"Windows",16,526,15.6,8,500
149,8,"Windows",16,526,15.6,8,500
150,8,"Windows",16,526,15.6,8,500
151,4,"Windows",16,526,15.6,8,500
152,4,"Windows",16,526,15.6,8,500
153,7,"Windows",16,526,15.6,8,500
154,6,"Windows",16,526,15.6,8,500
155,8,"Windows",16,526,15.6,8,500
156,7,"Windows",16,526,15.6,8,500
157,8,"Windows",16,526,15.6,8,500
158,3,"Windows",16,526,15.6,8,500
159,6,"Windows",16,526,15.6,8,500
160,3,"Windows",16,526,15.6,8,500
161,10,"Windows",16,526,15.6,8,500
162,7,"Windows",16,526,15.6,8,500
163,5,"Windows",16,526,15.6,8,500
164,7,"Windows",16,526,15.6,8,500
165,8,"Windows",16,526,15.6,8,500
166,10,"Windows",16,526,15.6,8,500
167,10,"Windows",16,526,15.6,8,500
168,10,"Windows",16,526,15.6,8,500
169,3,"Windows",16,526,15.6,8,500
170,5,"Windows",16,526,15.6,8,500
171,5,"Windows",16,526,15.6,8,500
172,8,"Windows",16,526,15.6,8,500
173,7,"Windows",16,526,15.6,8,500
174,5,"Windows",16,526,15.6,8,500
175,6,"Windows",16,526,15.6,8,500
176,3,"Windows",16,526,15.6,8,500
177,1,"Windows",16,526,15.6,8,500
178,4,"Windows",16,526,15.6,8,500
179,4,"Windows",16,526,15.6,8,500
180,5,"Windows",16,526,15.6,8,500
181,6,"Windows",16,526,15.6,8,500
182,7,"Windows",16,526,15.6,8,500
183,5,"Windows",16,526,15.6,8,500
184,10,"Windows",16,526,15.6,8,500
185,3,"Windows",16,526,15.6,8,500
186,10,"Windows",16,526,15.6,8,500
187,4,"Windows",16,526,15.6,8,500
188,6,"Windows",16,526,15.6,8,500
189,8,"Windows",16,526,15.6,8,500
190,1,"Windows",16,526,15.6,8,500
191,3,"Windows",16,526,15.6,8,500
192,4,"Windows",16,526,15.6,8,500
193,4,"Windows",16,526,15.6,8,500
194,6,"Windows",16,526,15.6,8,500
195,6,"Windows",16,526,15.6,8,500
196,6,"Windows",16,526,15.6,8,500
197,2,"Windows",16,526,15.6,8,500
198,3,"Windows",16,526,15.6,8,500
199,7,"Windows",16,526,15.6,8,500
200,6,"Windows",16,526,15.6,8,500
201,8,"Windows",16,526,15.6,8,500
202,6,"Windows",16,526,15.6,8,500
203,6,"Windows",16,526,15.6,8,500
204,9,"Windows",16,526,15.6,8,500
205,8,"Windows",16,526,15.6,8,500
206,4,"Windows",16,526,15.6,8,500
207,7,"Windows",16,526,15.6,8,500
208,7,"Windows",16,526,15.6,8,500
209,3,"Windows",16,526,15.6,8,500
210,7,"Windows",16,526,15.6,8,500
211,8,"Windows",16,526,15.6,8,500
212,7,"Windows",16,526,15.6,8,500
213,8,"Windows",16,526,15.6,8,500
35,1,"Windows",8,1000,13.3,8,1500
36,4,"Windows",8,1000,13.3,8,1500
37,1,"Windows",8,1000,13.3,8,1500
38,8,"Windows",8,1000,13.3,8,1500
39,6,"Windows",8,1000,13.3,8,1500
40,1,"Windows",8,1000,13.3,8,1500
41,4,"Windows",8,1000,13.3,8,1500
42,1,"Windows",8,1000,13.3,8,1500
43,6,"Windows",8,1000,13.3,8,1500
44,4,"Windows",8,1000,13.3,8,1500
45,1,"Windows",8,1000,13.3,8,1500
46,5,"Windows",8,1000,13.3,8,1500
47,4,"Windows",8,1000,13.3,8,1500
48,1,"Windows",8,1000,13.3,8,1500
49,1,"Windows",8,1000,13.3,8,1500
50,4,"Windows",8,1000,13.3,8,1500
51,2,"Windows",8,1000,13.3,8,1500
52,8,"Windows",8,1000,13.3,8,1500
53,1,"Windows",8,1000,13.3,8,1500
54,3,"Windows",8,1000,13.3,8,1500
55,1,"Windows",8,1000,13.3,8,1500
56,1,"Windows",8,1000,13.3,8,1500
57,8,"Windows",8,1000,13.3,8,1500
58,5,"Windows",8,1000,13.3,8,1500
59,5,"Windows",8,1000,13.3,8,1500
60,1,"Windows",8,1000,13.3,8,1500
61,4,"Windows",8,1000,13.3,8,1500
62,8,"Windows",8,1000,13.3,8,1500
63,8,"Windows",8,1000,13.3,8,1500
64,4,"Windows",8,1000,13.3,8,1500
65,3,"Windows",8,1000,13.3,8,1500
66,3,"Windows",8,1000,13.3,8,1500
67,6,"Windows",8,1000,13.3,8,1500
68,5,"Windows",8,1000,13.3,8,1500
69,1,"Windows",8,1000,13.3,8,1500
70,1,"Windows",8,1000,13.3,8,1500
71,1,"Windows",8,1000,13.3,8,1500
72,5,"Windows",8,1000,13.3,8,1500
73,6,"Windows",8,1000,13.3,8,1500
74,4,"Windows",8,1000,13.3,8,1500
75,7,"Windows",8,1000,13.3,8,1500
76,3,"Windows",8,1000,13.3,8,1500
77,7,"Windows",8,1000,13.3,8,1500
78,3,"Windows",8,1000,13.3,8,1500
79,6,"Windows",8,1000,13.3,8,1500
80,7,"Windows",8,1000,13.3,8,1500
81,1,"Windows",8,1000,13.3,8,1500
82,8,"Windows",8,1000,13.3,8,1500
83,2,"Windows",8,1000,13.3,8,1500
84,5,"Windows",8,1000,13.3,8,1500
85,4,"Windows",8,1000,13.3,8,1500
86,5,"Windows",8,1000,13.3,8,1500
87,7,"Windows",8,1000,13.3,8,1500
88,4,"Windows",8,1000,13.3,8,1500
89,10,"Windows",8,1000,13.3,8,1500
90,6,"Windows",8,1000,13.3,8,1500
91,1,"Windows",8,1000,13.3,8,1500
92,3,"Windows",8,1000,13.3,8,1500
93,4,"Windows",8,1000,13.3,8,1500
94,6,"Windows",8,1000,13.3,8,1500
95,3,"Windows",8,1000,13.3,8,1500
96,3,"Windows",8,1000,13.3,8,1500
97,5,"Windows",8,1000,13.3,8,1500
98,1,"Windows",8,1000,13.3,8,1500
99,8,"Windows",8,1000,13.3,8,1500
100,1,"Windows",8,1000,13.3,8,1500
101,7,"Windows",8,1000,13.3,8,1500
102,2,"Windows",8,1000,13.3,8,1500
103,9,"Windows",8,1000,13.3,8,1500
104,1,"Windows",8,1000,13.3,8,1500
105,5,"Windows",8,1000,13.3,8,1500
106,3,"Windows",8,1000,13.3,8,1500
107,3,"Windows",8,1000,13.3,8,1500
108,1,"Windows",8,1000,13.3,8,1500
109,3,"Windows",8,1000,13.3,8,1500
110,1,"Windows",8,1000,13.3,8,1500
111,9,"Windows",8,1000,13.3,8,1500
112,10,"Windows",8,1000,13.3,8,1500
113,7,"Windows",8,1000,13.3,8,1500
114,5,"Windows",8,1000,13.3,8,1500
115,8,"Windows",8,1000,13.3,8,1500
116,3,"Windows",8,1000,13.3,8,1500
117,3,"Windows",8,1000,13.3,8,1500
118,1,"Windows",8,1000,13.3,8,1500
119,7,"Windows",8,1000,13.3,8,1500
120,3,"Windows",8,1000,13.3,8,1500
121,2,"Windows",8,1000,13.3,8,1500
122,6,"Windows",8,1000,13.3,8,1500
123,3,"Windows",8,1000,13.3,8,1500
124,1,"Windows",8,1000,13.3,8,1500
125,5,"Windows",8,1000,13.3,8,1500
126,4,"Windows",8,1000,13.3,8,1500
127,1,"Windows",8,1000,13.3,8,1500
128,7,"Windows",8,1000,13.3,8,1500
129,5,"Windows",8,1000,13.3,8,1500
130,5,"Windows",8,1000,13.3,8,1500
131,4,"Windows",8,1000,13.3,8,1500
132,7,"Windows",8,1000,13.3,8,1500
133,7,"Windows",8,1000,13.3,8,1500
134,10,"Windows",8,1000,13.3,8,1500
135,6,"Windows",8,1000,13.3,8,1500
136,4,"Windows",8,1000,13.3,8,1500
137,2,"Windows",8,1000,13.3,8,1500
138,3,"Windows",8,1000,13.3,8,1500
139,1,"Windows",8,1000,13.3,8,1500
140,7,"Windows",8,1000,13.3,8,1500
141,7,"Windows",8,1000,13.3,8,1500
142,1,"Windows",8,1000,13.3,8,1500
143,3,"Windows",8,1000,13.3,8,1500
144,10,"Windows",8,1000,13.3,8,1500
145,5,"Windows",8,1000,13.3,8,1500
146,5,"Windows",8,1000,13.3,8,1500
147,2,"Windows",8,1000,13.3,8,1500
148,1,"Windows",8,1000,13.3,8,1500
149,1,"Windows",8,1000,13.3,8,1500
150,3,"Windows",8,1000,13.3,8,1500
151,5,"Windows",8,1000,13.3,8,1500
152,5,"Windows",8,1000,13.3,8,1500
153,7,"Windows",8,1000,13.3,8,1500
154,4,"Windows",8,1000,13.3,8,1500
155,6,"Windows",8,1000,13.3,8,1500
156,2,"Windows",8,1000,13.3,8,1500
157,3,"Windows",8,1000,13.3,8,1500
158,3,"Windows",8,1000,13.3,8,1500
159,6,"Windows",8,1000,13.3,8,1500
160,1,"Windows",8,1000,13.3,8,1500
161,1,"Windows",8,1000,13.3,8,1500
162,8,"Windows",8,1000,13.3,8,1500
163,8,"Windows",8,1000,13.3,8,1500
164,2,"Windows",8,1000,13.3,8,1500
165,4,"Windows",8,1000,13.3,8,1500
166,4,"Windows",8,1000,13.3,8,1500
167,3,"Windows",8,1000,13.3,8,1500
168,1,"Windows",8,1000,13.3,8,1500
169,1,"Windows",8,1000,13.3,8,1500
170,2,"Windows",8,1000,13.3,8,1500
171,1,"Windows",8,1000,13.3,8,1500
172,8,"Windows",8,1000,13.3,8,1500
173,4,"Windows",8,1000,13.3,8,1500
174,5,"Windows",8,1000,13.3,8,1500
175,8,"Windows",8,1000,13.3,8,1500
176,3,"Windows",8,1000,13.3,8,1500
177,1,"Windows",8,1000,13.3,8,1500
178,1,"Windows",8,1000,13.3,8,1500
179,4,"Windows",8,1000,13.3,8,1500
180,3,"Windows",8,1000,13.3,8,1500
181,7,"Windows",8,1000,13.3,8,1500
182,1,"Windows",8,1000,13.3,8,1500
183,3,"Windows",8,1000,13.3,8,1500
184,10,"Windows",8,1000,13.3,8,1500
185,2,"Windows",8,1000,13.3,8,1500
186,3,"Windows",8,1000,13.3,8,1500
187,5,"Windows",8,1000,13.3,8,1500
188,5,"Windows",8,1000,13.3,8,1500
189,1,"Windows",8,1000,13.3,8,1500
190,1,"Windows",8,1000,13.3,8,1500
191,3,"Windows",8,1000,13.3,8,1500
192,2,"Windows",8,1000,13.3,8,1500
193,5,"Windows",8,1000,13.3,8,1500
194,3,"Windows",8,1000,13.3,8,1500
195,2,"Windows",8,1000,13.3,8,1500
196,3,"Windows",8,1000,13.3,8,1500
197,2,"Windows",8,1000,13.3,8,1500
198,1,"Windows",8,1000,13.3,8,1500
199,1,"Windows",8,1000,13.3,8,1500
200,8,"Windows",8,1000,13.3,8,1500
201,4,"Windows",8,1000,13.3,8,1500
202,3,"Windows",8,1000,13.3,8,1500
203,3,"Windows",8,1000,13.3,8,1500
204,6,"Windows",8,1000,13.3,8,1500
205,4,"Windows",8,1000,13.3,8,1500
206,4,"Windows",8,1000,13.3,8,1500
207,4,"Windows",8,1000,13.3,8,1500
208,3,"Windows",8,1000,13.3,8,1500
209,1,"Windows",8,1000,13.3,8,1500
210,9,"Windows",8,1000,13.3,8,1500
211,4,"Windows",8,1000,13.3,8,1500
212,2,"Windows",8,1000,13.3,8,1500
213,1,"Windows",8,1000,13.3,8,1500
35,1,"Linux",16,256,14,12,500
36,1,"Linux",16,256,14,12,500
37,1,"Linux",16,256,14,12,500
38,3,"Linux",16,256,14,12,500
39,5,"Linux",16,256,14,12,500
40,5,"Linux",16,256,14,12,500
41,6,"Linux",16,256,14,12,500
42,1,"Linux",16,256,14,12,500
43,2,"Linux",16,256,14,12,500
44,8,"Linux",16,256,14,12,500
45,1,"Linux",16,256,14,12,500
46,3,"Linux",16,256,14,12,500
47,4,"Linux",16,256,14,12,500
48,5,"Linux",16,256,14,12,500
49,5,"Linux",16,256,14,12,500
50,7,"Linux",16,256,14,12,500
51,3,"Linux",16,256,14,12,500
52,3,"Linux",16,256,14,12,500
53,6,"Linux",16,256,14,12,500
54,2,"Linux",16,256,14,12,500
55,4,"Linux",16,256,14,12,500
56,6,"Linux",16,256,14,12,500
57,2,"Linux",16,256,14,12,500
58,6,"Linux",16,256,14,12,500
59,3,"Linux",16,256,14,12,500
60,1,"Linux",16,256,14,12,500
61,4,"Linux",16,256,14,12,500
62,3,"Linux",16,256,14,12,500
63,5,"Linux",16,256,14,12,500
64,5,"Linux",16,256,14,12,500
65,6,"Linux",16,256,14,12,500
66,8,"Linux",16,256,14,12,500
67,6,"Linux",16,256,14,12,500
68,1,"Linux",16,256,14,12,500
69,4,"Linux",16,256,14,12,500
70,5,"Linux",16,256,14,12,500
71,6,"Linux",16,256,14,12,500
72,9,"Linux",16,256,14,12,500
73,6,"Linux",16,256,14,12,500
74,1,"Linux",16,256,14,12,500
75,8,"Linux",16,256,14,12,500
76,8,"Linux",16,256,14,12,500
77,4,"Linux",16,256,14,12,500
78,7,"Linux",16,256,14,12,500
79,5,"Linux",16,256,14,12,500
80,9,"Linux",16,256,14,12,500
81,1,"Linux",16,256,14,12,500
82,7,"Linux",16,256,14,12,500
83,6,"Linux",16,256,14,12,500
84,4,"Linux",16,256,14,12,500
85,1,"Linux",16,256,14,12,500
86,2,"Linux",16,256,14,12,500
87,5,"Linux",16,256,14,12,500
88,4,"Linux",16,256,14,12,500
89,2,"Linux",16,256,14,12,500
90,9,"Linux",16,256,14,12,500
91,1,"Linux",16,256,14,12,500
92,4,"Linux",16,256,14,12,500
93,7,"Linux",16,256,14,12,500
94,3,"Linux",16,256,14,12,500
95,3,"Linux",16,256,14,12,500
96,2,"Linux",16,256,14,12,500
97,4,"Linux",16,256,14,12,500
98,5,"Linux",16,256,14,12,500
99,4,"Linux",16,256,14,12,500
100,7,"Linux",16,256,14,12,500
101,2,"Linux",16,256,14,12,500
102,7,"Linux",16,256,14,12,500
103,10,"Linux",16,256,14,12,500
104,5,"Linux",16,256,14,12,500
105,4,"Linux",16,256,14,12,500
106,1,"Linux",16,256,14,12,500
107,4,"Linux",16,256,14,12,500
108,5,"Linux",16,256,14,12,500
109,3,"Linux",16,256,14,12,500
110,3,"Linux",16,256,14,12,500
111,10,"Linux",16,256,14,12,500
112,6,"Linux",16,256,14,12,500
113,8,"Linux",16,256,14,12,500
114,5,"Linux",16,256,14,12,500
115,6,"Linux",16,256,14,12,500
116,4,"Linux",16,256,14,12,500
117,1,"Linux",16,256,14,12,500
118,8,"Linux",16,256,14,12,500
119,7,"Linux",16,256,14,12,500
120,3,"Linux",16,256,14,12,500
121,5,"Linux",16,256,14,12,500
122,8,"Linux",16,256,14,12,500
123,1,"Linux",16,256,14,12,500
124,1,"Linux",16,256,14,12,500
125,6,"Linux",16,256,14,12,500
126,3,"Linux",16,256,14,12,500
127,8,"Linux",16,256,14,12,500
128,5,"Linux",16,256,14,12,500
129,5,"Linux",16,256,14,12,500
130,3,"Linux",16,256,14,12,500
131,4,"Linux",16,256,14,12,500
132,1,"Linux",16,256,14,12,500
133,4,"Linux",16,256,14,12,500
134,2,"Linux",16,256,14,12,500
135,8,"Linux",16,256,14,12,500
136,2,"Linux",16,256,14,12,500
137,8,"Linux",16,256,14,12,500
138,5,"Linux",16,256,14,12,500
139,4,"Linux",16,256,14,12,500
140,5,"Linux",16,256,14,12,500
141,7,"Linux",16,256,14,12,500
142,8,"Linux",16,256,14,12,500
143,1,"Linux",16,256,14,12,500
144,10,"Linux",16,256,14,12,500
145,4,"Linux",16,256,14,12,500
146,4,"Linux",16,256,14,12,500
147,9,"Linux",16,256,14,12,500
148,5,"Linux",16,256,14,12,500
149,8,"Linux",16,256,14,12,500
150,3,"Linux",16,256,14,12,500
151,2,"Linux",16,256,14,12,500
152,4,"Linux",16,256,14,12,500
153,3,"Linux",16,256,14,12,500
154,5,"Linux",16,256,14,12,500
155,4,"Linux",16,256,14,12,500
156,3,"Linux",16,256,14,12,500
157,7,"Linux",16,256,14,12,500
158,3,"Linux",16,256,14,12,500
159,5,"Linux",16,256,14,12,500
160,1,"Linux",16,256,14,12,500
161,4,"Linux",16,256,14,12,500
162,6,"Linux",16,256,14,12,500
163,5,"Linux",16,256,14,12,500
164,5,"Linux",16,256,14,12,500
165,8,"Linux",16,256,14,12,500
166,9,"Linux",16,256,14,12,500
167,4,"Linux",16,256,14,12,500
168,2,"Linux",16,256,14,12,500
169,1,"Linux",16,256,14,12,500
170,2,"Linux",16,256,14,12,500
171,5,"Linux",16,256,14,12,500
172,8,"Linux",16,256,14,12,500
173,5,"Linux",16,256,14,12,500
174,5,"Linux",16,256,14,12,500
175,5,"Linux",16,256,14,12,500
176,4,"Linux",16,256,14,12,500
177,1,"Linux",16,256,14,12,500
178,1,"Linux",16,256,14,12,500
179,4,"Linux",16,256,14,12,500
180,6,"Linux",16,256,14,12,500
181,6,"Linux",16,256,14,12,500
182,7,"Linux",16,256,14,12,500
183,4,"Linux",16,256,14,12,500
184,10,"Linux",16,256,14,12,500
185,6,"Linux",16,256,14,12,500
186,5,"Linux",16,256,14,12,500
187,6,"Linux",16,256,14,12,500
188,6,"Linux",16,256,14,12,500
189,7,"Linux",16,256,14,12,500
190,1,"Linux",16,256,14,12,500
191,1,"Linux",16,256,14,12,500
192,5,"Linux",16,256,14,12,500
193,5,"Linux",16,256,14,12,500
194,8,"Linux",16,256,14,12,500
195,5,"Linux",16,256,14,12,500
196,6,"Linux",16,256,14,12,500
197,1,"Linux",16,256,14,12,500
198,1,"Linux",16,256,14,12,500
199,4,"Linux",16,256,14,12,500
200,6,"Linux",16,256,14,12,500
201,10,"Linux",16,256,14,12,500
202,3,"Linux",16,256,14,12,500
203,7,"Linux",16,256,14,12,500
204,5,"Linux",16,256,14,12,500
205,4,"Linux",16,256,14,12,500
206,8,"Linux",16,256,14,12,500
207,5,"Linux",16,256,14,12,500
208,3,"Linux",16,256,14,12,500
209,3,"Linux",16,256,14,12,500
210,8,"Linux",16,256,14,12,500
211,6,"Linux",16,256,14,12,500
212,2,"Linux",16,256,14,12,500
213,8,"Linux",16,256,14,12,500
35,1,"MacOS",4,526,15.6,4,1000
36,5,"MacOS",4,526,15.6,4,1000
37,8,"MacOS",4,526,15.6,4,1000
38,4,"MacOS",4,526,15.6,4,1000
39,5,"MacOS",4,526,15.6,4,1000
40,2,"MacOS",4,526,15.6,4,1000
41,4,"MacOS",4,526,15.6,4,1000
42,2,"MacOS",4,526,15.6,4,1000
43,3,"MacOS",4,526,15.6,4,1000
44,4,"MacOS",4,526,15.6,4,1000
45,1,"MacOS",4,526,15.6,4,1000
46,3,"MacOS",4,526,15.6,4,1000
47,9,"MacOS",4,526,15.6,4,1000
48,1,"MacOS",4,526,15.6,4,1000
49,2,"MacOS",4,526,15.6,4,1000
50,6,"MacOS",4,526,15.6,4,1000
51,3,"MacOS",4,526,15.6,4,1000
52,7,"MacOS",4,526,15.6,4,1000
53,4,"MacOS",4,526,15.6,4,1000
54,2,"MacOS",4,526,15.6,4,1000
55,1,"MacOS",4,526,15.6,4,1000
56,1,"MacOS",4,526,15.6,4,1000
57,6,"MacOS",4,526,15.6,4,1000
58,7,"MacOS",4,526,15.6,4,1000
59,4,"MacOS",4,526,15.6,4,1000
60,1,"MacOS",4,526,15.6,4,1000
61,4,"MacOS",4,526,15.6,4,1000
62,7,"MacOS",4,526,15.6,4,1000
63,1,"MacOS",4,526,15.6,4,1000
64,3,"MacOS",4,526,15.6,4,1000
65,4,"MacOS",4,526,15.6,4,1000
66,5,"MacOS",4,526,15.6,4,1000
67,6,"MacOS",4,526,15.6,4,1000
68,5,"MacOS",4,526,15.6,4,1000
69,8,"MacOS",4,526,15.6,4,1000
70,2,"MacOS",4,526,15.6,4,1000
71,6,"MacOS",4,526,15.6,4,1000
72,3,"MacOS",4,526,15.6,4,1000
73,6,"MacOS",4,526,15.6,4,1000
74,1,"MacOS",4,526,15.6,4,1000
75,7,"MacOS",4,526,15.6,4,1000
76,7,"MacOS",4,526,15.6,4,1000
77,3,"MacOS",4,526,15.6,4,1000
78,4,"MacOS",4,526,15.6,4,1000
79,4,"MacOS",4,526,15.6,4,1000
80,7,"MacOS",4,526,15.6,4,1000
81,7,"MacOS",4,526,15.6,4,1000
82,2,"MacOS",4,526,15.6,4,1000
83,8,"MacOS",4,526,15.6,4,1000
84,5,"MacOS",4,526,15.6,4,1000
85,5,"MacOS",4,526,15.6,4,1000
86,1,"MacOS",4,526,15.6,4,1000
87,5,"MacOS",4,526,15.6,4,1000
88,6,"MacOS",4,526,15.6,4,1000
89,8,"MacOS",4,526,15.6,4,1000
90,7,"MacOS",4,526,15.6,4,1000
91,1,"MacOS",4,526,15.6,4,1000
92,8,"MacOS",4,526,15.6,4,1000
93,6,"MacOS",4,526,15.6,4,1000
94,3,"MacOS",4,526,15.6,4,1000
95,3,"MacOS",4,526,15.6,4,1000
96,7,"MacOS",4,526,15.6,4,1000
97,6,"MacOS",4,526,15.6,4,1000
98,5,"MacOS",4,526,15.6,4,1000
99,7,"MacOS",4,526,15.6,4,1000
100,1,"MacOS",4,526,15.6,4,1000
101,8,"MacOS",4,526,15.6,4,1000
102,4,"MacOS",4,526,15.6,4,1000
103,4,"MacOS",4,526,15.6,4,1000
104,1,"MacOS",4,526,15.6,4,1000
105,4,"MacOS",4,526,15.6,4,1000
106,3,"MacOS",4,526,15.6,4,1000
107,3,"MacOS",4,526,15.6,4,1000
108,5,"MacOS",4,526,15.6,4,1000
109,3,"MacOS",4,526,15.6,4,1000
110,8,"MacOS",4,526,15.6,4,1000
111,3,"MacOS",4,526,15.6,4,1000
112,1,"MacOS",4,526,15.6,4,1000
113,5,"MacOS",4,526,15.6,4,1000
114,5,"MacOS",4,526,15.6,4,1000
115,8,"MacOS",4,526,15.6,4,1000
116,8,"MacOS",4,526,15.6,4,1000
117,1,"MacOS",4,526,15.6,4,1000
118,1,"MacOS",4,526,15.6,4,1000
119,8,"MacOS",4,526,15.6,4,1000
120,6,"MacOS",4,526,15.6,4,1000
121,4,"MacOS",4,526,15.6,4,1000
122,7,"MacOS",4,526,15.6,4,1000
123,1,"MacOS",4,526,15.6,4,1000
124,1,"MacOS",4,526,15.6,4,1000
125,3,"MacOS",4,526,15.6,4,1000
126,5,"MacOS",4,526,15.6,4,1000
127,1,"MacOS",4,526,15.6,4,1000
128,8,"MacOS",4,526,15.6,4,1000
129,5,"MacOS",4,526,15.6,4,1000
130,6,"MacOS",4,526,15.6,4,1000
131,4,"MacOS",4,526,15.6,4,1000
132,1,"MacOS",4,526,15.6,4,1000
133,6,"MacOS",4,526,15.6,4,1000
134,5,"MacOS",4,526,15.6,4,1000
135,2,"MacOS",4,526,15.6,4,1000
136,3,"MacOS",4,526,15.6,4,1000
137,6,"MacOS",4,526,15.6,4,1000
138,4,"MacOS",4,526,15.6,4,1000
139,1,"MacOS",4,526,15.6,4,1000
140,7,"MacOS",4,526,15.6,4,1000
141,4,"MacOS",4,526,15.6,4,1000
142,3,"MacOS",4,526,15.6,4,1000
143,5,"MacOS",4,526,15.6,4,1000
144,10,"MacOS",4,526,15.6,4,1000
145,5,"MacOS",4,526,15.6,4,1000
146,4,"MacOS",4,526,15.6,4,1000
147,5,"MacOS",4,526,15.6,4,1000
148,4,"MacOS",4,526,15.6,4,1000
149,3,"MacOS",4,526,15.6,4,1000
150,7,"MacOS",4,526,15.6,4,1000
151,6,"MacOS",4,526,15.6,4,1000
152,1,"MacOS",4,526,15.6,4,1000
153,5,"MacOS",4,526,15.6,4,1000
154,9,"MacOS",4,526,15.6,4,1000
155,4,"MacOS",4,526,15.6,4,1000
156,4,"MacOS",4,526,15.6,4,1000
157,8,"MacOS",4,526,15.6,4,1000
158,3,"MacOS",4,526,15.6,4,1000
159,6,"MacOS",4,526,15.6,4,1000
160,9,"MacOS",4,526,15.6,4,1000
161,6,"MacOS",4,526,15.6,4,1000
162,7,"MacOS",4,526,15.6,4,1000
163,5,"MacOS",4,526,15.6,4,1000
164,6,"MacOS",4,526,15.6,4,1000
165,5,"MacOS",4,526,15.6,4,1000
166,3,"MacOS",4,526,15.6,4,1000
167,2,"MacOS",4,526,15.6,4,1000
168,1,"MacOS",4,526,15.6,4,1000
169,1,"MacOS",4,526,15.6,4,1000
170,2,"MacOS",4,526,15.6,4,1000
171,4,"MacOS",4,526,15.6,4,1000
172,8,"MacOS",4,526,15.6,4,1000
173,4,"MacOS",4,526,15.6,4,1000
174,8,"MacOS",4,526,15.6,4,1000
175,7,"MacOS",4,526,15.6,4,1000
176,5,"MacOS",4,526,15.6,4,1000
177,1,"MacOS",4,526,15.6,4,1000
178,5,"MacOS",4,526,15.6,4,1000
179,4,"MacOS",4,526,15.6,4,1000
180,5,"MacOS",4,526,15.6,4,1000
181,7,"MacOS",4,526,15.6,4,1000
182,3,"MacOS",4,526,15.6,4,1000
183,6,"MacOS",4,526,15.6,4,1000
184,10,"MacOS",4,526,15.6,4,1000
185,5,"MacOS",4,526,15.6,4,1000
186,4,"MacOS",4,526,15.6,4,1000
187,6,"MacOS",4,526,15.6,4,1000
188,6,"MacOS",4,526,15.6,4,1000
189,3,"MacOS",4,526,15.6,4,1000
190,1,"MacOS",4,526,15.6,4,1000
191,2,"MacOS",4,526,15.6,4,1000
192,1,"MacOS",4,526,15.6,4,1000
193,5,"MacOS",4,526,15.6,4,1000
194,3,"MacOS",4,526,15.6,4,1000
195,8,"MacOS",4,526,15.6,4,1000
196,3,"MacOS",4,526,15.6,4,1000
197,3,"MacOS",4,526,15.6,4,1000
198,1,"MacOS",4,526,15.6,4,1000
199,8,"MacOS",4,526,15.6,4,1000
200,8,"MacOS",4,526,15.6,4,1000
201,6,"MacOS",4,526,15.6,4,1000
202,5,"MacOS",4,526,15.6,4,1000
203,3,"MacOS",4,526,15.6,4,1000
204,5,"MacOS",4,526,15.6,4,1000
205,3,"MacOS",4,526,15.6,4,1000
206,7,"MacOS",4,526,15.6,4,1000
207,7,"MacOS",4,526,15.6,4,1000
208,7,"MacOS",4,526,15.6,4,1000
209,4,"MacOS",4,526,15.6,4,1000
210,7,"MacOS",4,526,15.6,4,1000
211,2,"MacOS",4,526,15.6,4,1000
212,9,"MacOS",4,526,15.6,4,1000
213,5,"MacOS",4,526,15.6,4,1000
35,1,"Linux",4,256,15.6,8,1500
36,1,"Linux",4,256,15.6,8,1500
37,1,"Linux",4,256,15.6,8,1500
38,1,"Linux",4,256,15.6,8,1500
39,5,"Linux",4,256,15.6,8,1500
40,1,"Linux",4,256,15.6,8,1500
41,3,"Linux",4,256,15.6,8,1500
42,1,"Linux",4,256,15.6,8,1500
43,3,"Linux",4,256,15.6,8,1500
44,3,"Linux",4,256,15.6,8,1500
45,2,"Linux",4,256,15.6,8,1500
46,3,"Linux",4,256,15.6,8,1500
47,2,"Linux",4,256,15.6,8,1500
48,1,"Linux",4,256,15.6,8,1500
49,2,"Linux",4,256,15.6,8,1500
50,6,"Linux",4,256,15.6,8,1500
51,1,"Linux",4,256,15.6,8,1500
52,4,"Linux",4,256,15.6,8,1500
53,1,"Linux",4,256,15.6,8,1500
54,2,"Linux",4,256,15.6,8,1500
55,1,"Linux",4,256,15.6,8,1500
56,5,"Linux",4,256,15.6,8,1500
57,6,"Linux",4,256,15.6,8,1500
58,6,"Linux",4,256,15.6,8,1500
59,3,"Linux",4,256,15.6,8,1500
60,1,"Linux",4,256,15.6,8,1500
61,3,"Linux",4,256,15.6,8,1500
62,5,"Linux",4,256,15.6,8,1500
63,2,"Linux",4,256,15.6,8,1500
64,3,"Linux",4,256,15.6,8,1500
65,2,"Linux",4,256,15.6,8,1500
66,3,"Linux",4,256,15.6,8,1500
67,6,"Linux",4,256,15.6,8,1500
68,1,"Linux",4,256,15.6,8,1500
69,6,"Linux",4,256,15.6,8,1500
70,1,"Linux",4,256,15.6,8,1500
71,6,"Linux",4,256,15.6,8,1500
72,3,"Linux",4,256,15.6,8,1500
73,6,"Linux",4,256,15.6,8,1500
74,1,"Linux",4,256,15.6,8,1500
75,7,"Linux",4,256,15.6,8,1500
76,4,"Linux",4,256,15.6,8,1500
77,3,"Linux",4,256,15.6,8,1500
78,4,"Linux",4,256,15.6,8,1500
79,5,"Linux",4,256,15.6,8,1500
80,9,"Linux",4,256,15.6,8,1500
81,1,"Linux",4,256,15.6,8,1500
82,2,"Linux",4,256,15.6,8,1500
83,1,"Linux",4,256,15.6,8,1500
84,7,"Linux",4,256,15.6,8,1500
85,1,"Linux",4,256,15.6,8,1500
86,2,"Linux",4,256,15.6,8,1500
87,5,"Linux",4,256,15.6,8,1500
88,2,"Linux",4,256,15.6,8,1500
89,4,"Linux",4,256,15.6,8,1500
90,6,"Linux",4,256,15.6,8,1500
91,1,"Linux",4,256,15.6,8,1500
92,1,"Linux",4,256,15.6,8,1500
93,2,"Linux",4,256,15.6,8,1500
94,3,"Linux",4,256,15.6,8,1500
95,3,"Linux",4,256,15.6,8,1500
96,1,"Linux",4,256,15.6,8,1500
97,4,"Linux",4,256,15.6,8,1500
98,5,"Linux",4,256,15.6,8,1500
99,4,"Linux",4,256,15.6,8,1500
100,4,"Linux",4,256,15.6,8,1500
101,8,"Linux",4,256,15.6,8,1500
102,2,"Linux",4,256,15.6,8,1500
103,3,"Linux",4,256,15.6,8,1500
104,1,"Linux",4,256,15.6,8,1500
105,4,"Linux",4,256,15.6,8,1500
106,1,"Linux",4,256,15.6,8,1500
107,1,"Linux",4,256,15.6,8,1500
108,1,"Linux",4,256,15.6,8,1500
109,3,"Linux",4,256,15.6,8,1500
110,3,"Linux",4,256,15.6,8,1500
111,2,"Linux",4,256,15.6,8,1500
112,7,"Linux",4,256,15.6,8,1500
113,3,"Linux",4,256,15.6,8,1500
114,5,"Linux",4,256,15.6,8,1500
115,8,"Linux",4,256,15.6,8,1500
116,4,"Linux",4,256,15.6,8,1500
117,1,"Linux",4,256,15.6,8,1500
118,1,"Linux",4,256,15.6,8,1500
119,9,"Linux",4,256,15.6,8,1500
120,4,"Linux",4,256,15.6,8,1500
121,3,"Linux",4,256,15.6,8,1500
122,9,"Linux",4,256,15.6,8,1500
123,1,"Linux",4,256,15.6,8,1500
124,1,"Linux",4,256,15.6,8,1500
125,6,"Linux",4,256,15.6,8,1500
126,4,"Linux",4,256,15.6,8,1500
127,1,"Linux",4,256,15.6,8,1500
128,6,"Linux",4,256,15.6,8,1500
129,5,"Linux",4,256,15.6,8,1500
130,3,"Linux",4,256,15.6,8,1500
131,4,"Linux",4,256,15.6,8,1500
132,1,"Linux",4,256,15.6,8,1500
133,2,"Linux",4,256,15.6,8,1500
134,6,"Linux",4,256,15.6,8,1500
135,5,"Linux",4,256,15.6,8,1500
136,2,"Linux",4,256,15.6,8,1500
137,2,"Linux",4,256,15.6,8,1500
138,2,"Linux",4,256,15.6,8,1500
139,1,"Linux",4,256,15.6,8,1500
140,4,"Linux",4,256,15.6,8,1500
141,2,"Linux",4,256,15.6,8,1500
142,1,"Linux",4,256,15.6,8,1500
143,2,"Linux",4,256,15.6,8,1500
144,10,"Linux",4,256,15.6,8,1500
145,4,"Linux",4,256,15.6,8,1500
146,4,"Linux",4,256,15.6,8,1500
147,2,"Linux",4,256,15.6,8,1500
148,1,"Linux",4,256,15.6,8,1500
149,1,"Linux",4,256,15.6,8,1500
150,4,"Linux",4,256,15.6,8,1500
151,4,"Linux",4,256,15.6,8,1500
152,4,"Linux",4,256,15.6,8,1500
153,4,"Linux",4,256,15.6,8,1500
154,5,"Linux",4,256,15.6,8,1500
155,3,"Linux",4,256,15.6,8,1500
156,2,"Linux",4,256,15.6,8,1500
157,4,"Linux",4,256,15.6,8,1500
158,3,"Linux",4,256,15.6,8,1500
159,5,"Linux",4,256,15.6,8,1500
160,1,"Linux",4,256,15.6,8,1500
161,4,"Linux",4,256,15.6,8,1500
162,2,"Linux",4,256,15.6,8,1500
163,5,"Linux",4,256,15.6,8,1500
164,3,"Linux",4,256,15.6,8,1500
165,4,"Linux",4,256,15.6,8,1500
166,4,"Linux",4,256,15.6,8,1500
167,1,"Linux",4,256,15.6,8,1500
168,1,"Linux",4,256,15.6,8,1500
169,1,"Linux",4,256,15.6,8,1500
170,1,"Linux",4,256,15.6,8,1500
171,1,"Linux",4,256,15.6,8,1500
172,8,"Linux",4,256,15.6,8,1500
173,1,"Linux",4,256,15.6,8,1500
174,5,"Linux",4,256,15.6,8,1500
175,6,"Linux",4,256,15.6,8,1500
176,3,"Linux",4,256,15.6,8,1500
177,1,"Linux",4,256,15.6,8,1500
178,1,"Linux",4,256,15.6,8,1500
179,4,"Linux",4,256,15.6,8,1500
180,4,"Linux",4,256,15.6,8,1500
181,6,"Linux",4,256,15.6,8,1500
182,1,"Linux",4,256,15.6,8,1500
183,5,"Linux",4,256,15.6,8,1500
184,10,"Linux",4,256,15.6,8,1500
185,2,"Linux",4,256,15.6,8,1500
186,4,"Linux",4,256,15.6,8,1500
187,7,"Linux",4,256,15.6,8,1500
188,5,"Linux",4,256,15.6,8,1500
189,1,"Linux",4,256,15.6,8,1500
190,1,"Linux",4,256,15.6,8,1500
191,2,"Linux",4,256,15.6,8,1500
192,1,"Linux",4,256,15.6,8,1500
193,6,"Linux",4,256,15.6,8,1500
194,3,"Linux",4,256,15.6,8,1500
195,4,"Linux",4,256,15.6,8,1500
196,3,"Linux",4,256,15.6,8,1500
197,1,"Linux",4,256,15.6,8,1500
198,1,"Linux",4,256,15.6,8,1500
199,3,"Linux",4,256,15.6,8,1500
200,6,"Linux",4,256,15.6,8,1500
201,6,"Linux",4,256,15.6,8,1500
202,4,"Linux",4,256,15.6,8,1500
203,2,"Linux",4,256,15.6,8,1500
204,5,"Linux",4,256,15.6,8,1500
205,2,"Linux",4,256,15.6,8,1500
206,6,"Linux",4,256,15.6,8,1500
207,5,"Linux",4,256,15.6,8,1500
208,3,"Linux",4,256,15.6,8,1500
209,1,"Linux",4,256,15.6,8,1500
210,2,"Linux",4,256,15.6,8,1500
211,2,"Linux",4,256,15.6,8,1500
212,3,"Linux",4,256,15.6,8,1500
213,2,"Linux",4,256,15.6,8,1500
35,6,"MacOS",8,256,14,4,1500
36,6,"MacOS",8,256,14,4,1500
37,5,"MacOS",8,256,14,4,1500
38,6,"MacOS",8,256,14,4,1500
39,5,"MacOS",8,256,14,4,1500
40,1,"MacOS",8,256,14,4,1500
41,6,"MacOS",8,256,14,4,1500
42,2,"MacOS",8,256,14,4,1500
43,1,"MacOS",8,256,14,4,1500
44,4,"MacOS",8,256,14,4,1500
45,3,"MacOS",8,256,14,4,1500
46,3,"MacOS",8,256,14,4,1500
47,4,"MacOS",8,256,14,4,1500
48,2,"MacOS",8,256,14,4,1500
49,2,"MacOS",8,256,14,4,1500
50,6,"MacOS",8,256,14,4,1500
51,2,"MacOS",8,256,14,4,1500
52,7,"MacOS",8,256,14,4,1500
53,1,"MacOS",8,256,14,4,1500
54,2,"MacOS",8,256,14,4,1500
55,1,"MacOS",8,256,14,4,1500
56,1,"MacOS",8,256,14,4,1500
57,6,"MacOS",8,256,14,4,1500
58,6,"MacOS",8,256,14,4,1500
59,4,"MacOS",8,256,14,4,1500
60,4,"MacOS",8,256,14,4,1500
61,8,"MacOS",8,256,14,4,1500
62,8,"MacOS",8,256,14,4,1500
63,1,"MacOS",8,256,14,4,1500
64,3,"MacOS",8,256,14,4,1500
65,2,"MacOS",8,256,14,4,1500
66,3,"MacOS",8,256,14,4,1500
67,6,"MacOS",8,256,14,4,1500
68,6,"MacOS",8,256,14,4,1500
69,6,"MacOS",8,256,14,4,1500
70,1,"MacOS",8,256,14,4,1500
71,7,"MacOS",8,256,14,4,1500
72,5,"MacOS",8,256,14,4,1500
73,6,"MacOS",8,256,14,4,1500
74,1,"MacOS",8,256,14,4,1500
75,7,"MacOS",8,256,14,4,1500
76,7,"MacOS",8,256,14,4,1500
77,6,"MacOS",8,256,14,4,1500
78,4,"MacOS",8,256,14,4,1500
79,5,"MacOS",8,256,14,4,1500
80,7,"MacOS",8,256,14,4,1500
81,3,"MacOS",8,256,14,4,1500
82,3,"MacOS",8,256,14,4,1500
83,3,"MacOS",8,256,14,4,1500
84,7,"MacOS",8,256,14,4,1500
85,2,"MacOS",8,256,14,4,1500
86,2,"MacOS",8,256,14,4,1500
87,10,"MacOS",8,256,14,4,1500
88,5,"MacOS",8,256,14,4,1500
89,10,"MacOS",8,256,14,4,1500
90,6,"MacOS",8,256,14,4,1500
91,1,"MacOS",8,256,14,4,1500
92,2,"MacOS",8,256,14,4,1500
93,2,"MacOS",8,256,14,4,1500
94,3,"MacOS",8,256,14,4,1500
95,3,"MacOS",8,256,14,4,1500
96,5,"MacOS",8,256,14,4,1500
97,5,"MacOS",8,256,14,4,1500
98,7,"MacOS",8,256,14,4,1500
99,6,"MacOS",8,256,14,4,1500
100,2,"MacOS",8,256,14,4,1500
101,7,"MacOS",8,256,14,4,1500
102,5,"MacOS",8,256,14,4,1500
103,9,"MacOS",8,256,14,4,1500
104,1,"MacOS",8,256,14,4,1500
105,4,"MacOS",8,256,14,4,1500
106,1,"MacOS",8,256,14,4,1500
107,6,"MacOS",8,256,14,4,1500
108,1,"MacOS",8,256,14,4,1500
109,3,"MacOS",8,256,14,4,1500
110,1,"MacOS",8,256,14,4,1500
111,1,"MacOS",8,256,14,4,1500
112,5,"MacOS",8,256,14,4,1500
113,5,"MacOS",8,256,14,4,1500
114,5,"MacOS",8,256,14,4,1500
115,9,"MacOS",8,256,14,4,1500
116,2,"MacOS",8,256,14,4,1500
117,1,"MacOS",8,256,14,4,1500
118,1,"MacOS",8,256,14,4,1500
119,8,"MacOS",8,256,14,4,1500
120,4,"MacOS",8,256,14,4,1500
121,3,"MacOS",8,256,14,4,1500
122,8,"MacOS",8,256,14,4,1500
123,1,"MacOS",8,256,14,4,1500
124,1,"MacOS",8,256,14,4,1500
125,3,"MacOS",8,256,14,4,1500
126,4,"MacOS",8,256,14,4,1500
127,1,"MacOS",8,256,14,4,1500
128,6,"MacOS",8,256,14,4,1500
129,5,"MacOS",8,256,14,4,1500
130,5,"MacOS",8,256,14,4,1500
131,4,"MacOS",8,256,14,4,1500
132,1,"MacOS",8,256,14,4,1500
133,8,"MacOS",8,256,14,4,1500
134,6,"MacOS",8,256,14,4,1500
135,6,"MacOS",8,256,14,4,1500
136,2,"MacOS",8,256,14,4,1500
137,2,"MacOS",8,256,14,4,1500
138,3,"MacOS",8,256,14,4,1500
139,1,"MacOS",8,256,14,4,1500
140,5,"MacOS",8,256,14,4,1500
141,2,"MacOS",8,256,14,4,1500
142,1,"MacOS",8,256,14,4,1500
143,2,"MacOS",8,256,14,4,1500
144,10,"MacOS",8,256,14,4,1500
145,5,"MacOS",8,256,14,4,1500
146,3,"MacOS",8,256,14,4,1500
147,2,"MacOS",8,256,14,4,1500
148,1,"MacOS",8,256,14,4,1500
149,1,"MacOS",8,256,14,4,1500
150,6,"MacOS",8,256,14,4,1500
151,4,"MacOS",8,256,14,4,1500
152,4,"MacOS",8,256,14,4,1500
153,4,"MacOS",8,256,14,4,1500
154,7,"MacOS",8,256,14,4,1500
155,5,"MacOS",8,256,14,4,1500
156,3,"MacOS",8,256,14,4,1500
157,2,"MacOS",8,256,14,4,1500
158,3,"MacOS",8,256,14,4,1500
159,3,"MacOS",8,256,14,4,1500
160,9,"MacOS",8,256,14,4,1500
161,3,"MacOS",8,256,14,4,1500
162,6,"MacOS",8,256,14,4,1500
163,5,"MacOS",8,256,14,4,1500
164,4,"MacOS",8,256,14,4,1500
165,4,"MacOS",8,256,14,4,1500
166,2,"MacOS",8,256,14,4,1500
167,1,"MacOS",8,256,14,4,1500
168,1,"MacOS",8,256,14,4,1500
169,1,"MacOS",8,256,14,4,1500
170,1,"MacOS",8,256,14,4,1500
171,1,"MacOS",8,256,14,4,1500
172,8,"MacOS",8,256,14,4,1500
173,1,"MacOS",8,256,14,4,1500
174,8,"MacOS",8,256,14,4,1500
175,5,"MacOS",8,256,14,4,1500
176,4,"MacOS",8,256,14,4,1500
177,1,"MacOS",8,256,14,4,1500
178,6,"MacOS",8,256,14,4,1500
179,4,"MacOS",8,256,14,4,1500
180,4,"MacOS",8,256,14,4,1500
181,7,"MacOS",8,256,14,4,1500
182,1,"MacOS",8,256,14,4,1500
183,6,"MacOS",8,256,14,4,1500
184,10,"MacOS",8,256,14,4,1500
185,1,"MacOS",8,256,14,4,1500
186,4,"MacOS",8,256,14,4,1500
187,7,"MacOS",8,256,14,4,1500
188,5,"MacOS",8,256,14,4,1500
189,1,"MacOS",8,256,14,4,1500
190,1,"MacOS",8,256,14,4,1500
191,3,"MacOS",8,256,14,4,1500
192,1,"MacOS",8,256,14,4,1500
193,6,"MacOS",8,256,14,4,1500
194,3,"MacOS",8,256,14,4,1500
195,3,"MacOS",8,256,14,4,1500
196,3,"MacOS",8,256,14,4,1500
197,6,"MacOS",8,256,14,4,1500
198,1,"MacOS",8,256,14,4,1500
199,1,"MacOS",8,256,14,4,1500
200,5,"MacOS",8,256,14,4,1500
201,6,"MacOS",8,256,14,4,1500
202,1,"MacOS",8,256,14,4,1500
203,2,"MacOS",8,256,14,4,1500
204,3,"MacOS",8,256,14,4,1500
205,2,"MacOS",8,256,14,4,1500
206,8,"MacOS",8,256,14,4,1500
207,7,"MacOS",8,256,14,4,1500
208,3,"MacOS",8,256,14,4,1500
209,1,"MacOS",8,256,14,4,1500
210,8,"MacOS",8,256,14,4,1500
211,4,"MacOS",8,256,14,4,1500
212,9,"MacOS",8,256,14,4,1500
213,2,"MacOS",8,256,14,4,1500
35,6,"MacOS",8,526,13.3,12,500
36,8,"MacOS",8,526,13.3,12,500
37,7,"MacOS",8,526,13.3,12,500
38,4,"MacOS",8,526,13.3,12,500
39,5,"MacOS",8,526,13.3,12,500
40,8,"MacOS",8,526,13.3,12,500
41,9,"MacOS",8,526,13.3,12,500
42,8,"MacOS",8,526,13.3,12,500
43,1,"MacOS",8,526,13.3,12,500
44,10,"MacOS",8,526,13.3,12,500
45,8,"MacOS",8,526,13.3,12,500
46,3,"MacOS",8,526,13.3,12,500
47,4,"MacOS",8,526,13.3,12,500
48,2,"MacOS",8,526,13.3,12,500
49,5,"MacOS",8,526,13.3,12,500
50,6,"MacOS",8,526,13.3,12,500
51,7,"MacOS",8,526,13.3,12,500
52,7,"MacOS",8,526,13.3,12,500
53,10,"MacOS",8,526,13.3,12,500
54,5,"MacOS",8,526,13.3,12,500
55,2,"MacOS",8,526,13.3,12,500
56,1,"MacOS",8,526,13.3,12,500
57,3,"MacOS",8,526,13.3,12,500
58,4,"MacOS",8,526,13.3,12,500
59,5,"MacOS",8,526,13.3,12,500
60,8,"MacOS",8,526,13.3,12,500
61,9,"MacOS",8,526,13.3,12,500
62,6,"MacOS",8,526,13.3,12,500
63,10,"MacOS",8,526,13.3,12,500
64,6,"MacOS",8,526,13.3,12,500
65,4,"MacOS",8,526,13.3,12,500
66,8,"MacOS",8,526,13.3,12,500
67,6,"MacOS",8,526,13.3,12,500
68,8,"MacOS",8,526,13.3,12,500
69,9,"MacOS",8,526,13.3,12,500
70,5,"MacOS",8,526,13.3,12,500
71,7,"MacOS",8,526,13.3,12,500
72,5,"MacOS",8,526,13.3,12,500
73,6,"MacOS",8,526,13.3,12,500
74,1,"MacOS",8,526,13.3,12,500
75,7,"MacOS",8,526,13.3,12,500
76,10,"MacOS",8,526,13.3,12,500
77,4,"MacOS",8,526,13.3,12,500
78,7,"MacOS",8,526,13.3,12,500
79,5,"MacOS",8,526,13.3,12,500
80,8,"MacOS",8,526,13.3,12,500
81,10,"MacOS",8,526,13.3,12,500
82,3,"MacOS",8,526,13.3,12,500
83,6,"MacOS",8,526,13.3,12,500
84,6,"MacOS",8,526,13.3,12,500
85,7,"MacOS",8,526,13.3,12,500
86,4,"MacOS",8,526,13.3,12,500
87,1,"MacOS",8,526,13.3,12,500
88,4,"MacOS",8,526,13.3,12,500
89,2,"MacOS",8,526,13.3,12,500
90,9,"MacOS",8,526,13.3,12,500
91,1,"MacOS",8,526,13.3,12,500
92,4,"MacOS",8,526,13.3,12,500
93,7,"MacOS",8,526,13.3,12,500
94,3,"MacOS",8,526,13.3,12,500
95,8,"MacOS",8,526,13.3,12,500
96,5,"MacOS",8,526,13.3,12,500
97,5,"MacOS",8,526,13.3,12,500
98,8,"MacOS",8,526,13.3,12,500
99,8,"MacOS",8,526,13.3,12,500
100,10,"MacOS",8,526,13.3,12,500
101,7,"MacOS",8,526,13.3,12,500
102,6,"MacOS",8,526,13.3,12,500
103,8,"MacOS",8,526,13.3,12,500
104,1,"MacOS",8,526,13.3,12,500
105,3,"MacOS",8,526,13.3,12,500
106,6,"MacOS",8,526,13.3,12,500
107,9,"MacOS",8,526,13.3,12,500
108,1,"MacOS",8,526,13.3,12,500
109,5,"MacOS",8,526,13.3,12,500
110,4,"MacOS",8,526,13.3,12,500
111,7,"MacOS",8,526,13.3,12,500
112,7,"MacOS",8,526,13.3,12,500
113,5,"MacOS",8,526,13.3,12,500
114,5,"MacOS",8,526,13.3,12,500
115,10,"MacOS",8,526,13.3,12,500
116,2,"MacOS",8,526,13.3,12,500
117,6,"MacOS",8,526,13.3,12,500
118,7,"MacOS",8,526,13.3,12,500
119,9,"MacOS",8,526,13.3,12,500
120,6,"MacOS",8,526,13.3,12,500
121,7,"MacOS",8,526,13.3,12,500
122,6,"MacOS",8,526,13.3,12,500
123,1,"MacOS",8,526,13.3,12,500
124,1,"MacOS",8,526,13.3,12,500
125,6,"MacOS",8,526,13.3,12,500
126,4,"MacOS",8,526,13.3,12,500
127,10,"MacOS",8,526,13.3,12,500
128,8,"MacOS",8,526,13.3,12,500
129,5,"MacOS",8,526,13.3,12,500
130,3,"MacOS",8,526,13.3,12,500
131,4,"MacOS",8,526,13.3,12,500
132,1,"MacOS",8,526,13.3,12,500
133,6,"MacOS",8,526,13.3,12,500
134,6,"MacOS",8,526,13.3,12,500
135,6,"MacOS",8,526,13.3,12,500
136,3,"MacOS",8,526,13.3,12,500
137,8,"MacOS",8,526,13.3,12,500
138,4,"MacOS",8,526,13.3,12,500
139,5,"MacOS",8,526,13.3,12,500
140,5,"MacOS",8,526,13.3,12,500
141,6,"MacOS",8,526,13.3,12,500
142,6,"MacOS",8,526,13.3,12,500
143,4,"MacOS",8,526,13.3,12,500
144,10,"MacOS",8,526,13.3,12,500
145,8,"MacOS",8,526,13.3,12,500
146,5,"MacOS",8,526,13.3,12,500
147,6,"MacOS",8,526,13.3,12,500
148,4,"MacOS",8,526,13.3,12,500
149,1,"MacOS",8,526,13.3,12,500
150,4,"MacOS",8,526,13.3,12,500
151,7,"MacOS",8,526,13.3,12,500
152,8,"MacOS",8,526,13.3,12,500
153,4,"MacOS",8,526,13.3,12,500
154,10,"MacOS",8,526,13.3,12,500
155,9,"MacOS",8,526,13.3,12,500
156,5,"MacOS",8,526,13.3,12,500
157,10,"MacOS",8,526,13.3,12,500
158,3,"MacOS",8,526,13.3,12,500
159,7,"MacOS",8,526,13.3,12,500
160,10,"MacOS",8,526,13.3,12,500
161,5,"MacOS",8,526,13.3,12,500
162,6,"MacOS",8,526,13.3,12,500
163,5,"MacOS",8,526,13.3,12,500
164,6,"MacOS",8,526,13.3,12,500
165,4,"MacOS",8,526,13.3,12,500
166,10,"MacOS",8,526,13.3,12,500
167,10,"MacOS",8,526,13.3,12,500
168,1,"MacOS",8,526,13.3,12,500
169,1,"MacOS",8,526,13.3,12,500
170,4,"MacOS",8,526,13.3,12,500
171,5,"MacOS",8,526,13.3,12,500
172,8,"MacOS",8,526,13.3,12,500
173,6,"MacOS",8,526,13.3,12,500
174,8,"MacOS",8,526,13.3,12,500
175,7,"MacOS",8,526,13.3,12,500
176,8,"MacOS",8,526,13.3,12,500
177,1,"MacOS",8,526,13.3,12,500
178,8,"MacOS",8,526,13.3,12,500
179,8,"MacOS",8,526,13.3,12,500
180,4,"MacOS",8,526,13.3,12,500
181,6,"MacOS",8,526,13.3,12,500
182,4,"MacOS",8,526,13.3,12,500
183,7,"MacOS",8,526,13.3,12,500
184,10,"MacOS",8,526,13.3,12,500
185,7,"MacOS",8,526,13.3,12,500
186,10,"MacOS",8,526,13.3,12,500
187,7,"MacOS",8,526,13.3,12,500
188,6,"MacOS",8,526,13.3,12,500
189,6,"MacOS",8,526,13.3,12,500
190,1,"MacOS",8,526,13.3,12,500
191,3,"MacOS",8,526,13.3,12,500
192,6,"MacOS",8,526,13.3,12,500
193,6,"MacOS",8,526,13.3,12,500
194,7,"MacOS",8,526,13.3,12,500
195,9,"MacOS",8,526,13.3,12,500
196,6,"MacOS",8,526,13.3,12,500
197,10,"MacOS",8,526,13.3,12,500
198,1,"MacOS",8,526,13.3,12,500
199,10,"MacOS",8,526,13.3,12,500
200,6,"MacOS",8,526,13.3,12,500
201,8,"MacOS",8,526,13.3,12,500
202,6,"MacOS",8,526,13.3,12,500
203,6,"MacOS",8,526,13.3,12,500
204,7,"MacOS",8,526,13.3,12,500
205,9,"MacOS",8,526,13.3,12,500
206,10,"MacOS",8,526,13.3,12,500
207,7,"MacOS",8,526,13.3,12,500
208,7,"MacOS",8,526,13.3,12,500
209,3,"MacOS",8,526,13.3,12,500
210,10,"MacOS",8,526,13.3,12,500
211,4,"MacOS",8,526,13.3,12,500
212,10,"MacOS",8,526,13.3,12,500
213,8,"MacOS",8,526,13.3,12,500
35,1,"Linux",4,1000,13.3,12,1000
36,1,"Linux",4,1000,13.3,12,1000
37,1,"Linux",4,1000,13.3,12,1000
38,4,"Linux",4,1000,13.3,12,1000
39,5,"Linux",4,1000,13.3,12,1000
40,1,"Linux",4,1000,13.3,12,1000
41,5,"Linux",4,1000,13.3,12,1000
42,2,"Linux",4,1000,13.3,12,1000
43,2,"Linux",4,1000,13.3,12,1000
44,3,"Linux",4,1000,13.3,12,1000
45,1,"Linux",4,1000,13.3,12,1000
46,3,"Linux",4,1000,13.3,12,1000
47,4,"Linux",4,1000,13.3,12,1000
48,2,"Linux",4,1000,13.3,12,1000
49,2,"Linux",4,1000,13.3,12,1000
50,6,"Linux",4,1000,13.3,12,1000
51,5,"Linux",4,1000,13.3,12,1000
52,4,"Linux",4,1000,13.3,12,1000
53,4,"Linux",4,1000,13.3,12,1000
54,3,"Linux",4,1000,13.3,12,1000
55,1,"Linux",4,1000,13.3,12,1000
56,2,"Linux",4,1000,13.3,12,1000
57,7,"Linux",4,1000,13.3,12,1000
58,4,"Linux",4,1000,13.3,12,1000
59,3,"Linux",4,1000,13.3,12,1000
60,3,"Linux",4,1000,13.3,12,1000
61,4,"Linux",4,1000,13.3,12,1000
62,4,"Linux",4,1000,13.3,12,1000
63,4,"Linux",4,1000,13.3,12,1000
64,4,"Linux",4,1000,13.3,12,1000
65,2,"Linux",4,1000,13.3,12,1000
66,6,"Linux",4,1000,13.3,12,1000
67,6,"Linux",4,1000,13.3,12,1000
68,1,"Linux",4,1000,13.3,12,1000
69,6,"Linux",4,1000,13.3,12,1000
70,2,"Linux",4,1000,13.3,12,1000
71,8,"Linux",4,1000,13.3,12,1000
72,3,"Linux",4,1000,13.3,12,1000
73,6,"Linux",4,1000,13.3,12,1000
74,1,"Linux",4,1000,13.3,12,1000
75,7,"Linux",4,1000,13.3,12,1000
76,4,"Linux",4,1000,13.3,12,1000
77,4,"Linux",4,1000,13.3,12,1000
78,8,"Linux",4,1000,13.3,12,1000
79,6,"Linux",4,1000,13.3,12,1000
80,8,"Linux",4,1000,13.3,12,1000
81,1,"Linux",4,1000,13.3,12,1000
82,5,"Linux",4,1000,13.3,12,1000
83,6,"Linux",4,1000,13.3,12,1000
84,6,"Linux",4,1000,13.3,12,1000
85,2,"Linux",4,1000,13.3,12,1000
86,6,"Linux",4,1000,13.3,12,1000
87,6,"Linux",4,1000,13.3,12,1000
88,5,"Linux",4,1000,13.3,12,1000
89,3,"Linux",4,1000,13.3,12,1000
90,6,"Linux",4,1000,13.3,12,1000
91,1,"Linux",4,1000,13.3,12,1000
92,1,"Linux",4,1000,13.3,12,1000
93,4,"Linux",4,1000,13.3,12,1000
94,3,"Linux",4,1000,13.3,12,1000
95,3,"Linux",4,1000,13.3,12,1000
96,8,"Linux",4,1000,13.3,12,1000
97,4,"Linux",4,1000,13.3,12,1000
98,3,"Linux",4,1000,13.3,12,1000
99,7,"Linux",4,1000,13.3,12,1000
100,7,"Linux",4,1000,13.3,12,1000
101,7,"Linux",4,1000,13.3,12,1000
102,4,"Linux",4,1000,13.3,12,1000
103,5,"Linux",4,1000,13.3,12,1000
104,3,"Linux",4,1000,13.3,12,1000
105,4,"Linux",4,1000,13.3,12,1000
106,1,"Linux",4,1000,13.3,12,1000
107,5,"Linux",4,1000,13.3,12,1000
108,1,"Linux",4,1000,13.3,12,1000
109,3,"Linux",4,1000,13.3,12,1000
110,7,"Linux",4,1000,13.3,12,1000
111,4,"Linux",4,1000,13.3,12,1000
112,8,"Linux",4,1000,13.3,12,1000
113,7,"Linux",4,1000,13.3,12,1000
114,5,"Linux",4,1000,13.3,12,1000
115,10,"Linux",4,1000,13.3,12,1000
116,4,"Linux",4,1000,13.3,12,1000
117,1,"Linux",4,1000,13.3,12,1000
118,1,"Linux",4,1000,13.3,12,1000
119,10,"Linux",4,1000,13.3,12,1000
120,6,"Linux",4,1000,13.3,12,1000
121,5,"Linux",4,1000,13.3,12,1000
122,8,"Linux",4,1000,13.3,12,1000
123,1,"Linux",4,1000,13.3,12,1000
124,1,"Linux",4,1000,13.3,12,1000
125,5,"Linux",4,1000,13.3,12,1000
126,4,"Linux",4,1000,13.3,12,1000
127,1,"Linux",4,1000,13.3,12,1000
128,6,"Linux",4,1000,13.3,12,1000
129,5,"Linux",4,1000,13.3,12,1000
130,4,"Linux",4,1000,13.3,12,1000
131,4,"Linux",4,1000,13.3,12,1000
132,1,"Linux",4,1000,13.3,12,1000
133,4,"Linux",4,1000,13.3,12,1000
134,6,"Linux",4,1000,13.3,12,1000
135,6,"Linux",4,1000,13.3,12,1000
136,3,"Linux",4,1000,13.3,12,1000
137,6,"Linux",4,1000,13.3,12,1000
138,5,"Linux",4,1000,13.3,12,1000
139,1,"Linux",4,1000,13.3,12,1000
140,5,"Linux",4,1000,13.3,12,1000
141,6,"Linux",4,1000,13.3,12,1000
142,4,"Linux",4,1000,13.3,12,1000
143,3,"Linux",4,1000,13.3,12,1000
144,10,"Linux",4,1000,13.3,12,1000
145,5,"Linux",4,1000,13.3,12,1000
146,3,"Linux",4,1000,13.3,12,1000
147,5,"Linux",4,1000,13.3,12,1000
148,3,"Linux",4,1000,13.3,12,1000
149,1,"Linux",4,1000,13.3,12,1000
150,4,"Linux",4,1000,13.3,12,1000
151,4,"Linux",4,1000,13.3,12,1000
152,5,"Linux",4,1000,13.3,12,1000
153,4,"Linux",4,1000,13.3,12,1000
154,5,"Linux",4,1000,13.3,12,1000
155,3,"Linux",4,1000,13.3,12,1000
156,4,"Linux",4,1000,13.3,12,1000
157,7,"Linux",4,1000,13.3,12,1000
158,3,"Linux",4,1000,13.3,12,1000
159,3,"Linux",4,1000,13.3,12,1000
160,1,"Linux",4,1000,13.3,12,1000
161,6,"Linux",4,1000,13.3,12,1000
162,6,"Linux",4,1000,13.3,12,1000
163,5,"Linux",4,1000,13.3,12,1000
164,6,"Linux",4,1000,13.3,12,1000
165,5,"Linux",4,1000,13.3,12,1000
166,4,"Linux",4,1000,13.3,12,1000
167,6,"Linux",4,1000,13.3,12,1000
168,1,"Linux",4,1000,13.3,12,1000
169,4,"Linux",4,1000,13.3,12,1000
170,6,"Linux",4,1000,13.3,12,1000
171,4,"Linux",4,1000,13.3,12,1000
172,8,"Linux",4,1000,13.3,12,1000
173,5,"Linux",4,1000,13.3,12,1000
174,5,"Linux",4,1000,13.3,12,1000
175,6,"Linux",4,1000,13.3,12,1000
176,5,"Linux",4,1000,13.3,12,1000
177,5,"Linux",4,1000,13.3,12,1000
178,1,"Linux",4,1000,13.3,12,1000
179,8,"Linux",4,1000,13.3,12,1000
180,4,"Linux",4,1000,13.3,12,1000
181,7,"Linux",4,1000,13.3,12,1000
182,7,"Linux",4,1000,13.3,12,1000
183,6,"Linux",4,1000,13.3,12,1000
184,10,"Linux",4,1000,13.3,12,1000
185,5,"Linux",4,1000,13.3,12,1000
186,4,"Linux",4,1000,13.3,12,1000
187,7,"Linux",4,1000,13.3,12,1000
188,7,"Linux",4,1000,13.3,12,1000
189,4,"Linux",4,1000,13.3,12,1000
190,1,"Linux",4,1000,13.3,12,1000
191,1,"Linux",4,1000,13.3,12,1000
192,2,"Linux",4,1000,13.3,12,1000
193,5,"Linux",4,1000,13.3,12,1000
194,4,"Linux",4,1000,13.3,12,1000
195,5,"Linux",4,1000,13.3,12,1000
196,5,"Linux",4,1000,13.3,12,1000
197,1,"Linux",4,1000,13.3,12,1000
198,1,"Linux",4,1000,13.3,12,1000
199,3,"Linux",4,1000,13.3,12,1000
200,5,"Linux",4,1000,13.3,12,1000
201,7,"Linux",4,1000,13.3,12,1000
202,5,"Linux",4,1000,13.3,12,1000
203,2,"Linux",4,1000,13.3,12,1000
204,7,"Linux",4,1000,13.3,12,1000
205,5,"Linux",4,1000,13.3,12,1000
206,5,"Linux",4,1000,13.3,12,1000
207,4,"Linux",4,1000,13.3,12,1000
208,3,"Linux",4,1000,13.3,12,1000
209,4,"Linux",4,1000,13.3,12,1000
210,9,"Linux",4,1000,13.3,12,1000
211,2,"Linux",4,1000,13.3,12,1000
212,3,"Linux",4,1000,13.3,12,1000
213,1,"Linux",4,1000,13.3,12,1000
35,1,"Windows",16,1000,14,4,1000
36,3,"Windows",16,1000,14,4,1000
37,7,"Windows",16,1000,14,4,1000
38,8,"Windows",16,1000,14,4,1000
39,8,"Windows",16,1000,14,4,1000
40,1,"Windows",16,1000,14,4,1000
41,6,"Windows",16,1000,14,4,1000
42,8,"Windows",16,1000,14,4,1000
43,10,"Windows",16,1000,14,4,1000
44,3,"Windows",16,1000,14,4,1000
45,7,"Windows",16,1000,14,4,1000
46,3,"Windows",16,1000,14,4,1000
47,7,"Windows",16,1000,14,4,1000
48,4,"Windows",16,1000,14,4,1000
49,7,"Windows",16,1000,14,4,1000
50,6,"Windows",16,1000,14,4,1000
51,5,"Windows",16,1000,14,4,1000
52,7,"Windows",16,1000,14,4,1000
53,6,"Windows",16,1000,14,4,1000
54,7,"Windows",16,1000,14,4,1000
55,7,"Windows",16,1000,14,4,1000
56,2,"Windows",16,1000,14,4,1000
57,8,"Windows",16,1000,14,4,1000
58,6,"Windows",16,1000,14,4,1000
59,8,"Windows",16,1000,14,4,1000
60,9,"Windows",16,1000,14,4,1000
61,4,"Windows",16,1000,14,4,1000
62,9,"Windows",16,1000,14,4,1000
63,1,"Windows",16,1000,14,4,1000
64,4,"Windows",16,1000,14,4,1000
65,6,"Windows",16,1000,14,4,1000
66,3,"Windows",16,1000,14,4,1000
67,6,"Windows",16,1000,14,4,1000
68,10,"Windows",16,1000,14,4,1000
69,10,"Windows",16,1000,14,4,1000
70,3,"Windows",16,1000,14,4,1000
71,7,"Windows",16,1000,14,4,1000
72,9,"Windows",16,1000,14,4,1000
73,6,"Windows",16,1000,14,4,1000
74,4,"Windows",16,1000,14,4,1000
75,7,"Windows",16,1000,14,4,1000
76,7,"Windows",16,1000,14,4,1000
77,9,"Windows",16,1000,14,4,1000
78,10,"Windows",16,1000,14,4,1000
79,5,"Windows",16,1000,14,4,1000
80,7,"Windows",16,1000,14,4,1000
81,7,"Windows",16,1000,14,4,1000
82,3,"Windows",16,1000,14,4,1000
83,3,"Windows",16,1000,14,4,1000
84,7,"Windows",16,1000,14,4,1000
85,5,"Windows",16,1000,14,4,1000
86,6,"Windows",16,1000,14,4,1000
87,10,"Windows",16,1000,14,4,1000
88,6,"Windows",16,1000,14,4,1000
89,3,"Windows",16,1000,14,4,1000
90,7,"Windows",16,1000,14,4,1000
91,4,"Windows",16,1000,14,4,1000
92,5,"Windows",16,1000,14,4,1000
93,5,"Windows",16,1000,14,4,1000
94,6,"Windows",16,1000,14,4,1000
95,3,"Windows",16,1000,14,4,1000
96,4,"Windows",16,1000,14,4,1000
97,7,"Windows",16,1000,14,4,1000
98,10,"Windows",16,1000,14,4,1000
99,6,"Windows",16,1000,14,4,1000
100,3,"Windows",16,1000,14,4,1000
101,7,"Windows",16,1000,14,4,1000
102,5,"Windows",16,1000,14,4,1000
103,8,"Windows",16,1000,14,4,1000
104,10,"Windows",16,1000,14,4,1000
105,4,"Windows",16,1000,14,4,1000
106,6,"Windows",16,1000,14,4,1000
107,7,"Windows",16,1000,14,4,1000
108,1,"Windows",16,1000,14,4,1000
109,3,"Windows",16,1000,14,4,1000
110,7,"Windows",16,1000,14,4,1000
111,5,"Windows",16,1000,14,4,1000
112,6,"Windows",16,1000,14,4,1000
113,10,"Windows",16,1000,14,4,1000
114,5,"Windows",16,1000,14,4,1000
115,10,"Windows",16,1000,14,4,1000
116,6,"Windows",16,1000,14,4,1000
117,1,"Windows",16,1000,14,4,1000
118,1,"Windows",16,1000,14,4,1000
119,8,"Windows",16,1000,14,4,1000
120,6,"Windows",16,1000,14,4,1000
121,3,"Windows",16,1000,14,4,1000
122,7,"Windows",16,1000,14,4,1000
123,5,"Windows",16,1000,14,4,1000
124,1,"Windows",16,1000,14,4,1000
125,6,"Windows",16,1000,14,4,1000
126,9,"Windows",16,1000,14,4,1000
127,8,"Windows",16,1000,14,4,1000
128,9,"Windows",16,1000,14,4,1000
129,5,"Windows",16,1000,14,4,1000
130,6,"Windows",16,1000,14,4,1000
131,4,"Windows",16,1000,14,4,1000
132,5,"Windows",16,1000,14,4,1000
133,8,"Windows",16,1000,14,4,1000
134,6,"Windows",16,1000,14,4,1000
135,9,"Windows",16,1000,14,4,1000
136,3,"Windows",16,1000,14,4,1000
137,4,"Windows",16,1000,14,4,1000
138,3,"Windows",16,1000,14,4,1000
139,1,"Windows",16,1000,14,4,1000
140,5,"Windows",16,1000,14,4,1000
141,5,"Windows",16,1000,14,4,1000
142,3,"Windows",16,1000,14,4,1000
143,7,"Windows",16,1000,14,4,1000
144,10,"Windows",16,1000,14,4,1000
145,7,"Windows",16,1000,14,4,1000
146,4,"Windows",16,1000,14,4,1000
147,5,"Windows",16,1000,14,4,1000
148,3,"Windows",16,1000,14,4,1000
149,6,"Windows",16,1000,14,4,1000
150,7,"Windows",16,1000,14,4,1000
151,7,"Windows",16,1000,14,4,1000
152,5,"Windows",16,1000,14,4,1000
153,4,"Windows",16,1000,14,4,1000
154,6,"Windows",16,1000,14,4,1000
155,7,"Windows",16,1000,14,4,1000
156,5,"Windows",16,1000,14,4,1000
157,7,"Windows",16,1000,14,4,1000
158,8,"Windows",16,1000,14,4,1000
159,4,"Windows",16,1000,14,4,1000
160,2,"Windows",16,1000,14,4,1000
161,6,"Windows",16,1000,14,4,1000
162,4,"Windows",16,1000,14,4,1000
163,5,"Windows",16,1000,14,4,1000
164,4,"Windows",16,1000,14,4,1000
165,5,"Windows",16,1000,14,4,1000
166,1,"Windows",16,1000,14,4,1000
167,7,"Windows",16,1000,14,4,1000
168,4,"Windows",16,1000,14,4,1000
169,4,"Windows",16,1000,14,4,1000
170,1,"Windows",16,1000,14,4,1000
171,3,"Windows",16,1000,14,4,1000
172,8,"Windows",16,1000,14,4,1000
173,5,"Windows",16,1000,14,4,1000
174,5,"Windows",16,1000,14,4,1000
175,6,"Windows",16,1000,14,4,1000
176,3,"Windows",16,1000,14,4,1000
177,8,"Windows",16,1000,14,4,1000
178,2,"Windows",16,1000,14,4,1000
179,5,"Windows",16,1000,14,4,1000
180,5,"Windows",16,1000,14,4,1000
181,5,"Windows",16,1000,14,4,1000
182,7,"Windows",16,1000,14,4,1000
183,7,"Windows",16,1000,14,4,1000
184,10,"Windows",16,1000,14,4,1000
185,5,"Windows",16,1000,14,4,1000
186,8,"Windows",16,1000,14,4,1000
187,8,"Windows",16,1000,14,4,1000
188,6,"Windows",16,1000,14,4,1000
189,4,"Windows",16,1000,14,4,1000
190,1,"Windows",16,1000,14,4,1000
191,5,"Windows",16,1000,14,4,1000
192,3,"Windows",16,1000,14,4,1000
193,7,"Windows",16,1000,14,4,1000
194,4,"Windows",16,1000,14,4,1000
195,4,"Windows",16,1000,14,4,1000
196,5,"Windows",16,1000,14,4,1000
197,6,"Windows",16,1000,14,4,1000
198,7,"Windows",16,1000,14,4,1000
199,3,"Windows",16,1000,14,4,1000
200,9,"Windows",16,1000,14,4,1000
201,3,"Windows",16,1000,14,4,1000
202,2,"Windows",16,1000,14,4,1000
203,5,"Windows",16,1000,14,4,1000
204,5,"Windows",16,1000,14,4,1000
205,5,"Windows",16,1000,14,4,1000
206,4,"Windows",16,1000,14,4,1000
207,3,"Windows",16,1000,14,4,1000
208,7,"Windows",16,1000,14,4,1000
209,4,"Windows",16,1000,14,4,1000
210,8,"Windows",16,1000,14,4,1000
211,7,"Windows",16,1000,14,4,1000
212,6,"Windows",16,1000,14,4,1000
213,1,"Windows",16,1000,14,4,1000
